Month_Name,Visits,Total_Revenue,Avg_Rev_Visit,Ticket_Revenue,Merch_Revenue,Drink_Revenue,Repeat_Rate_pct,Avg_Satisfaction,Avg_Recommend
Jan,102,"$39,614",$388.37,"$31,140","$6,419","$2,055",28.4%,7.92,8.18
Feb,96,"$31,738",$330.61,"$24,410","$5,380","$1,948",29.2%,8.23,8.07
Mar,91,"$33,240",$365.27,"$25,800","$5,798","$1,642",28.6%,8.06,7.96
Apr,101,"$39,927",$395.32,"$31,500","$6,510","$1,917",36.6%,8.00,8.11
May,88,"$33,972",$386.04,"$27,230","$4,822","$1,920",34.1%,7.95,8.11
Jun,84,"$31,225",$371.72,"$24,990","$4,498","$1,737",27.4%,8.09,7.77
Jul,104,"$34,236",$329.19,"$25,670","$6,541","$2,025",26.9%,7.93,7.92
Aug,109,"$38,962",$357.45,"$30,520","$6,352","$2,090",31.2%,7.93,7.91
Sep,25,"$10,797",$431.90,"$8,880","$1,447",$470,28.0%,7.57,7.76
